0x22A02dCf2220EEBDeBB4cb1Ff7d83a7d4169B686,
0xf725BfA68e20FB0e48FB1d1995634cc3303Ef127,
0x0637b3467E4f08c0741a2f69498E1ae1537CbFd6,
0x0bE153747182D1E35d935126249E5a5AD1C23354,
0x9F2c5cc85E09D630C954F2130DAe21Ca0D790771,
0x378D30c8627846C111282176a920c4824B5070a4,
0xaF8DE76afC61da20fB7dEcB2Ea059Ce361f6eB9D,
0x144D0B6d5a41102BF4C111a7096691bCAc9e361A,
0x3e9Bcdc088d9C242a711b6d9B77d230435332c1d,
0x5e5C4EbE80388b2245Ad5ff232179154355DbA06,
0x333ad4bd869b12Fb3B1C883Cf2F1C89b685E018c,
0x7582809f0a60C85944a74AA4f0AF77aD286f9063,
0x03F358412Ce5bFAB183C3F1Fe775FaE76502810c,
0x5C69C7B825e1eb359D9171f529cfEBA2290bfB79,
0x94a7E565DA62bA3B961b5a024B06d166Ee6cB3B7,
0x7E4bde0Bc1558f95763efA5A3D3Ae07203b717B3,
0x9bbfeC1b2da5348AB37aa314290f085b59bE74E9,
0x2477295533215924A326f47f879091375700b08B,
0xeB14065132F8422b93Eaa066CE2de1c1aF51C7b9,
0x0e7151173b0F43Fe50b77A213e7A0c9Fbc656520,
0x4b4306D8911d1f212d43976e5222C27a8D761829,
0x86f50B24a56b985229B28241a792823D57581875,
0x5133C89591b9f8b80D421fff1076dE227757C66c,
0x3939846Ecc9d8452F84fEAea5BD14d69DBcF119e,
0x91D5C4C02c28bEF4d9b2A5c1Eb3A6B35303e80b2,
0x75EC657076E6B7b7d02045dF5F63D58B108daAC9,
0xad94A27eE73db1B710b0385308a17224a41533EB,
0x278f501D0b0c830C0760736bdcC30d3e89A22b20,
0xc2954161850ab39a7a05bb89f4cc1ffc438e888d,
0x8E3B49761936Dff9967491e10e2bFb45baEd6bC3,
0x9fb79106225eB720d6D1a69B04D90FB76f668939,
0x8e1c2712CCF2700cB809Fb20B43570e8695CB22b,
0xbac830D5E47372D28CEFBeC696f39764Ea4Fcb15,
0xE73Dd8398D499973ff562f14dCA03D7B45165810,
0x6cCbB9ECD98f168113f223a0E4101c15927769f3,
0x33ddA6348186c96d04d715EF016263273db2988c,
0xc1f943dD4e2B0051AaB99e44A1b2D4818BA8d7Cd,
0x4994827c92a86659c2f9Ea3A643EF306EDA4a6De,
0xDb0C1B650fFa6B12D0EB5536440B334551DD4C39,
0x91904d82977D298F7C01A6B2952BA1A726adB199,
0x43c39dA07F5BcC359A7a51170113EB3B47A7472d,
0x3aDf52873Ca4fB34D2A9AB16a529520C7787740b,
0xf2A5129D8a9c3b42f6991c8AE2edd69D35620C2A,
0xd9009b562F17Fd073D330199a7c3a39955C92438,
0x6E1Ead2C7E86d9c22F8F76DDFD923A9b80C26fea,
0x4509AE440216392b683372011d889e61a12F470d,
0x9BB2bae4107200D1157651fAaB7CF09271F9AB09,
0xAc1003cB37fEDFA4e3eF41454a09F5dB60e5C848,
0xeC19214Ee6C0147d66582753615c818c501E8ba1,
0x78C45FFbD4c57E5621740F61C7F852F636BF1AAc,
0x4BE94Cf2Ee57278548eeF93Ae7ae12386907fD43,
0xa860F9698fC52018841Ee08425ED1f21A864c6ab,
0x4e96D9b85b4C9B354c6e152a74eEB4204Df60F54,
0x4489ED7E9114E32B5746F649ec58159049F3f029,
0x53b577EF97d037e7949C84b46F0Fe0C809A1743d,
0xc20d240A166836a5f9bf3fA2B0dEE6B92A27F7D7,
0x7F3fD12914B7781E06677f9133c70757f4Bc6D4e,
0xAd282182BAa06c576Ef9e41ce887b6D94A585A99,
0x7c2389b6b54977c5F54199558be4550C226dBF09,
0x60e7653da4EB96384c2b5D942Ff61a58959132bF,
0x6F6ef882634cbeAc665b59b9582dFd7a32c28A78,
0x7D2941d530E1d4cBE70A223fe5AaCb55eC0F4518